,Developer,Burden,Normalized_Burden
0,Dev_1,0.34435049425635267,0.649869098919703
1,Dev_2,0.3205908062860615,0.5962542695979793
2,Dev_3,0.3892416056660005,0.7511679576968142
3,Dev_4,0.14777845992523453,0.2062952572402599
4,Dev_5,0.056357653335190425,0.0
5,Dev_6,0.1924795264452034,0.3071652709779773
6,Dev_7,0.21841570073242658,0.3656914418353846
7,Dev_8,0.19239456575857072,0.30697355327871434
8,Dev_9,0.30572507090230266,0.5627090535859371
9,Dev_10,0.49951280781153257,1.0
