,Dev_1,Dev_2,Dev_3,Dev_4,Dev_5,Dev_6,Dev_7,Dev_8,Dev_9,Dev_10,Type
Project_1,0.7369181771289581,0.21655035442437187,0.0,0.3241410077932141,0.14967486718368317,0.0,0.38648898112586194,0.0,0.0,0.6130634578841324,0.75
Project_2,0.9023485831739843,0.0,0.9698090677467488,0.6531400357979377,0.17090958513604515,0.358152166969525,0.0,0.0,0.3250472290083525,0.0,0.25
Project_3,0.0,0.9589492686245203,0.6527903170054908,0.0,0.0,0.5818503294385343,0.4143685882263688,0.0,0.0,0.33800761483889175,0.75
Project_4,0.6747523222590207,0.0,0.0,0.0,0.0,0.013571635612109834,0.0,0.6736596308357894,0.9719450024996658,0.0,0.25
Project_5,0.0,0.0,0.4511592145209281,0.0,0.0,0.0,0.0,0.4808935308361628,0.6886611828057704,0.8804758892525955,0.75
