Developer,Efficiency
Dev_1,3.4038548845379153
Dev_2,4.083298054796788
Dev_3,4.094511578298731
Dev_4,1.382457303332669
Dev_5,0.5076780362993317
Dev_6,2.5570554468791657
Dev_7,2.4234824133820725
Dev_8,1.5634148347989807
Dev_9,2.5729702563415904
Dev_10,3.967635169764035
