,Dev_1,Dev_2,Dev_3,Dev_4,Dev_5,Dev_6,Dev_7,Dev_8,Dev_9,Dev_10,Project
Project_1,0.5526886328467187,0.1624127658182789,0.0,0.24310575584491056,0.11225615038776238,0.0,0.2898667358443965,0.0,0.0,0.45979759341309934,Project_1
Project_2,0.22558714579349606,0.0,0.2424522669366872,0.16328500894948442,0.04272739628401129,0.08953804174238125,0.0,0.0,0.08126180725208812,0.0,Project_2
Project_3,0.0,0.7192119514683902,0.48959273775411816,0.0,0.0,0.4363877470789007,0.3107764411697766,0.0,0.0,0.2535057111291688,Project_3
Project_4,0.16868808056475518,0.0,0.0,0.0,0.0,0.0033929089030274584,0.0,0.16841490770894735,0.24298625062491644,0.0,Project_4
Project_5,0.0,0.0,0.33836941089069605,0.0,0.0,0.0,0.0,0.3606701481271221,0.5164958871043278,0.6603569169394465,Project_5
